x,y,distance
0.06666666666666643,0.06666666666666643,0.0
0.06666875178742876,0.06666602552765459,2.1814646057179744E-6
0.06668325987836342,0.06666155789184838,1.7361862237705102E-5
0.066722373387144,0.0666494930269895,5.829384891306337E-5
0.06679801399367997,0.06662612070561635,1.3746307755336192E-4
0.06692184439257422,0.06658779084289765,2.670900271677921E-4
0.06710527007558066,0.06653091313446566,4.5913183225943096E-4
0.06735944111406209,0.06645195669424965,7.25284112456895E-4
0.06769525394144774,0.06634744969230918,0.0010769828023767317
0.06812335313569104,0.06621397899266751,0.0015254059817225406
0.06865413320172717,0.06604818979114499,0.00208147570562665
0.06929774035393088,0.06584678525319237,0.0027558598352409812
0.07006407429857414,0.06560652615172428,0.0035589738685829183
0.07096279001628376,0.06532423050495242,0.004500982771643109
0.07200329954449905,0.06499677321421916,0.005591802809761755
0.07319477375992962,0.0646210857018307,0.006841103379280769
0.07454614416101299,0.06419415554889053,0.008258308839478312
0.07606610465037222,0.06371302613313287,0.009852600344793596
0.07776311331727369,0.0631747962667559,0.011632917677349468
0.0796453942200847,0.06257661983425523,0.013607961079780472
0.0817209391687312,0.06191570543025719,0.015786193088374624
0.08399750950715543,0.06118931599735231,0.018175840366537
0.08648263789577362,0.06039476846392862,0.020784895538584106
0.08918363009393371,0.059529433382004976,0.023621119023877438
0.09210756674237291,0.05859073456506453,0.026692040871305552
0.0952613051456755,0.05757614872588802,0.030004962594124107
0.09865148105473048,0.05648320511438719,0.03356695900516346
0.10228451044918925,0.055309485155438126,0.03738488005241376
0.10616659131992322,0.05405262208671468,0.04146535265499787
0.11030370545148156,0.05271030059652176,0.045814782539542916
0.11470162020454891,0.051280256461628704,0.0504393560769612
0.11936589029840297,0.049760276185102786,0.05534504211965178
0.12430185959337223,0.04814819663414244,0.06053759383913458
0.12951466287329372,0.04644190467791063,0.066022550564129
0.13500922762797044,0.0446393368253683,0.07180523961908905
0.14079027583562936,0.04273847886310776,0.07789077816320869
0.14686232574537894,0.04073736549318593,0.08428407502990977
0.1532296936596668,0.03863407997095782,0.09098983256682659
0.1598964957167374,0.03642675374290985,0.09801254847630131
0.16686664967308973,0.034113566084493264,0.10535651765640446
0.17414387668593506,0.031692743737957475,0.11302583404249604
0.18173170309565456,0.029162560550183358,0.12102439244934234
0.18963346220825691,0.02652133711051677,0.12935589041380458
0.19785229607783608,0.023767440388601818,0.13802383003811644
0.20639115728902907,0.02089928337221427,0.1470315198337671
0.21525281073947336,0.017915324705094878,0.1563820765660076
0.22443983542226473,0.014814068324782773,0.16607842709899912
0.23395462620841512,0.011594063100448894,0.17612331024162203
0.2437993956293099,0.008253902470729269,0.1865192785939649
0.253976175659166,0.004792224081558389,0.1972687003945145
0.26448681949748915,0.0012077094240026927,0.20837376136806665
0.27533300335153194,-0.0025009165279062436,0.21983646657438122
0.28651622821875133,-0.0063348856793381736,0.23165864225760155
0.29803782166926607,-0.010295387176830895,0.24384193769646315
0.309898939628315,-0.014383567770456865,0.2563878270553158
0.3221005681587143,-0.01860053217598984,0.2692976112359823
0.3346435252433152,-0.022947343437071478,0.28257241973048064
0.34752846256746134,-0.02742502328737793,0.2962132124746365
0.36075586730144754,-0.032034552512786654,0.31022078170261386
0.3743260638829763,-0.03677687131354281,0.3245957538023899
0.3882392157996159,-0.041652879666425995,0.33933859117220716
0.4024953273712581,-0.046663437686916956,0.354449594078031
0.41709424553257624,-0.051809365991364036,0.3699289025120462
0.43203566161548207,-0.05709144605914998,0.3857764980522226
0.447319113131584,-0.06251042059485848,0.4019922057229872
0.4629439855546448,-0.06806699389044073,0.4185756958570363
0.47890951410303884,-0.07376183218738225,0.43552648595832355
0.4952147855222104,-0.0795955640388694,0.4528439425662642
0.5118587398671306,-0.08556878067195593,0.47052728312119246
0.5288401722847559,-0.09168203634972975,0.48857557783111477
0.5461577347964851,-0.09793584873347957,0.5069877515397998
0.5638099380806177,-0.10433069924486146,0.5257625855962506
0.5817951532548103,-0.11086703342806524,0.5448987197256019
0.6001116136585362,-0.11754526131198167,0.5643946539014955
0.6187574166355412,-0.12436575777236869,0.5842487502199745
0.6377305253163027,-0.1313288628940181,0.6044592347749556
0.6570287704004862,-0.13843488233292217,0.6250241995353265
0.6766498519394042,-0.14568408767844027,0.6459416042237278
0.6965913411184729,-0.1530767168154658,0.6672092781970732
0.71685068203967,-0.1606129742865923,0.6888249223288682
0.7374251935039929,-0.1682930316542805,0.7107861108933913
0.7583120707939164,-0.1761170278630248,0.7330902934517987
0.77950838745585,-0.18408506960151977,0.7557347967402209
0.8010110970825942,-0.1921972316648271,0.7787168265599178
0.8228170350958018,-0.20045355731654185,0.8020334696695727
0.844922920528432,-0.20885405865095932,0.8256816956797858
0.8673253578072097,-0.21739871695524177,0.8496583589498596
0.8900208385350836,-0.22608748307158474,0.8739602004869491
0.9130057432736826,-0.2349202777593839,0.8985838498476608
0.936276343325774,-0.24389699205740167,0.9235258270421944
0.9598288025177218,-0.2530174876459338,0.9487825444411123
0.9836591789819439,-0.2622815972089759,0.9743503086848352
1.0077634269393694,-0.27168912479639046,1.0002253225959623
1.0321373984818965,-0.281239846186073,1.0264036870945183
1.0567768453548512,-0.2909335092461187,1.0528814031162383
1.081677420739443,-0.30076983429698956,1.079654373533996
1.1068346810352243,-0.31074851447368074,1.1067184050824994
1.1322440876425475,-0.3208692160878868,1.1340692102863699
1.1579010087450219,-0.331131578990169,1.1617024093917347
1.1838007210919734,-0.3415352169321213,1.189613532301465
1.2099384117809002,-0.3520797179285377,1.2177980205141936
1.236309180039931,-0.3627646446195782,1.2462512290672623
1.2629080390102823,-0.37358953463293576,1.274968428483743
1.2897299175287182,-0.38455390094600284,1.3039448067236967
1.316769661910006,-0.3956572322480381,1.333175471139822
1.3440220377293728,-0.40689899330233315,1.3626554504376756
1.3714817316049674,-0.4182786253083788,1.392379696640639
1.3991433529803132,-0.4297955462640317,1.4223430870598113
1.427001435906769,-0.4414491513276818,1.4525404262690333
1.4550504408259857,-0.4532388131804179,1.482966448085237
1.4832847563523637,-0.4651638823881949,1.513615817554336
1.511698701055511,-0.47722368776400004,1.5444831329428794
1.5402865252427005,-0.4894175367300201,1.5755629277356988
1.5690424127413296,-0.5017447156798077,1.6068496726397936
1.5979604826813734,-0.5142044903404477,1.6383377775947
1.6270347912778464,-0.5267961061347237,1.6700215937896221
1.65625933361326,-0.539518788543286,1.7018954156875923
1.6856280454200778,-0.5523717434668166,1.7339534830569492
1.715134804863176,-0.5653541575881965,1.766189983010447
1.744773434322298,-0.5784651987346722,1.7985990520523019
1.7745377021745157,-0.5917040162400231,1.8311747781335197
1.8044213245766825,-0.6050697413067264,1.8639112027158407
1.834417967247897,-0.6185614873681261,1.8968023228446813
1.8645212472519552,-0.6321783504505972,1.9298420932314364
1.894724734779811,-0.6459194095357139,1.9630244283455602
1.925021954932035,-0.6597837269224163,1.9963432045168357
1.9554063895012666,-0.6737703485891752,2.0297922620482662
1.985871478754678,-0.6878783045561617,2.063365407340073
2.0164106232164314,-0.7021066092474109,2.097056415025253
2.0470171854501307,-0.7164542618529908,2.1308590301172208
2.0776844918412865,-0.730920246691167,2.1647669701700663
2.1084058343797665,-0.7455035335705701,2.1987739274519753
2.1391744724422614,-0.7602030781523644,2.2328735711324152
2.1699836345747365,-0.7750178223124103,2.2670595494836743
2.2008265202748922,-0.7899466945034355,2.3013254920974244
2.2316963017746168,-0.8049886101171968,2.3356650121169626
2.2625861258224544,-0.8201424718466518,2.3700717084858645
2.2934891154660506,-0.8354071700481209,2.4045391682137605
2.3243983718346195,-0.8507815831034585,2.439060968660059
2.3553069759213945,-0.8662645777822149,2.4736306798363965
2.3862079903660938,-0.8818550096038069,2.508241866728718
2.4170944612373675,-0.8975517231996816,2.542888091639853
2.447959419815267,-0.913353552675485,2.577562916553583
2.4787958843736906,-0.929259321973227,2.6122599055211566
2.509596861962856,-0.9452678452334505,2.6469726270713516
2.5403553501917417,-0.9613779271573942,2.681694656645135
2.571064339010556,-0.9775883633691634,2.716419579056134
2.601716812493191,-0.9938979407778936,2.751140990978102
2.6323057506196808,-1.0103054379399181,2.7858525034606787
2.6628241310586542,-1.0268096254209347,2.820547744474778
2.6932649309498053,-1.043409266158173,2.8552203614890517
2.723621128686336,-1.060103115822561,2.8898640240788604
2.7538857056974226,-1.0768899231808882,2.924472426569377
2.784051648230672,-1.0937684304579782,2.9590392907144234
2.814111949134581,-1.1107373736988515,2.9935583684127853
2.8440596096409854,-1.1277954831308918,3.028023444463801
2.8738876411475296,-1.1449414835260148,3.062428339364163
2.9035890670001194,-1.1621740945628336,3.096766912147888
2.933156924275372,-1.1794920311888248,3.131033063271578
2.9625842655630876,-1.1968940039824962,3.1652207375471906
2.9918641607486967,-1.214378719515554,3.1993239271245923
3.020989698795725,-1.2319448807150668,3.2333366745263556
3.0499539895282455,-1.2495911872256358,3.2672530757373175
3.078750165413334,-1.2673163357715576,3.3010672833515726
3.1073713833435335,-1.2851190205189928,3.334773509779705
3.1358108264193136,-1.3029979334381363,3.368366030519162
3.164061705731516,-1.3209517646653746,3.401839187490813
3.1921172621438303,-1.3389792028654623,3.435187392444941
3.2199707680752265,-1.3570789355936828,3.468405130439924
3.2476155292824402,-1.3752496496580162,3.5014869633971775
3.275044886642414,-1.3934900314813075,3.5344275337359043
3.30225221793476,-1.4117987674634322,3.567221568091479
3.329230939624204,-1.4301745443434608,3.5998638811213652
3.355974508643079,-1.4486160495618305,3.632349379402698
3.3824764241737357,-1.4671219716225057,3.664673065425642
3.4087302294310415,-1.48569100045515,3.69683004168704
3.434729513444806,-1.5043218277772883,3.7288155148887254
3.4604679128422635,-1.5230131474564792,3.760624800245249
3.4859391136305184,-1.541763655872474,3.7922533259057016
3.5111368529790004,-1.5605720522793898,3.823696637494555
3.53605492100193,-1.5794370391678736,3.8549504027764856
3.560687162540776,-1.5983573226272685,3.8860104164502096
3.5850274789467016,-1.6173316127077815,3.9168726050764238
3.609069829863034,-1.6363586237826486,3.9475330321449955
3.6328082350077238,-1.655437074910303,3.9779879032864685
3.65623677595579,-1.6745656901965411,4.00823357163293
3.679349597921788,-1.6937431991566898,4.038266543333188
3.702140911542264,-1.7129683370777704,4.068083483227005
3.724604994658214,-1.73223984538067,4.097681220682916
3.7467361940975428,-1.7515564719823038,4.127056755603838
3.7685289274575116,-1.7709169716577824,4.156207264604246
3.7899776848872118,-1.7903201064025827,4.185130107362229
3.811077030870007,-1.8097646457947072,4.213822833148979
3.8318216060060055,-1.8292493673568568,4.2422831875376295
3.8522061287945037,-1.8487730569185956,4.270509119292276
3.8722253974164547,-1.8683345089785173,4.298498787436976
3.8918742915169204,-1.887932527066409,4.326250568503147
3.911147773987534,-1.907565924105425,4.353763063952246
3.930040892748946,-1.9272335227742445,4.381035107768772
3.9485487825332983,-1.9469341558692466,4.408065774216598
3.966666666666675,-1.9666666666666692,4.434854385749129
3.989402379692145,-1.9814173884221329,4.461955980519246
4.011763931431762,-1.996172581857907,4.488746925435965
4.0337469448093355,-2.0109309974340097,4.51522453309745
4.055347134591297,-2.0256913961278915,4.541386290840749
4.076560306916086,-2.040452549403554,4.56722986501517
4.097382358823539,-2.05521323918067,4.5927531055683
4.11780927778427,-2.069972257803699,4.617954050966105
4.137837141229049,-2.08472840801101,4.642830933469816
4.1574621160782,-2.099480502903996,4.667382184793556
4.176680458270973,-2.1142273659161943,4.691606442167913
4.195488512294938,-2.1289678307824045,4.715502554835884
4.213882710715356,-2.143700741507809,4.739069591008734
4.231859573704579,-2.1584249523370893,4.762306845310359
4.249415708571423,-2.173139327723543,4.785213846739535
4.266547809290557,-2.187842742298207,4.807790367180139
4.283252656031887,-2.2025340808389737,4.830036430489649
4.299527114689938,-2.2172122382397075,4.851952322196201
4.315368136413242,-2.2318761194793666,4.873538599833835
4.33077275713372,-2.24652463959112,4.894796103944295
4.345738097096065,-2.261156723631465,4.915725969771679
4.360261360387128,-2.2757713066493475,4.936329639673134
4.374339834465303,-2.2903673336552814,4.956608876264481
4.3879708896899094,-2.3049437595904623,4.976565776313839
4.401151978850581,-2.3194995492958936,4.996202785388805
4.413880636696641,-2.334033677481497,5.015522713252998
4.426154479466494,-2.3485451286952372,5.0345287499957765
4.437971204417012,-2.363032897292236,5.053224482863904
4.449328589352909,-2.3774959874038957,5.071613913745802
4.460224492156133,-2.391933412907011,5.089701477237199
4.470656850315252,-2.406344197392896,5.107492059191108
4.480623680454829,-2.420727374136495,5.124991015624815
4.490123077864817,-2.435081986065503,5.142204191821708
4.499153216029933,-2.4494070857294887,5.159137941426099
4.507712346159055,-2.463701735269007,5.175799145284911
4.515798796714591,-2.477965006384722,5.192195229741498
4.523410972941877,-2.4921959803065215,5.208334184034704
4.530547356398553,-2.506393747762641,5.2242245764017525
4.537206504483948,-2.5205574089487754,5.239875568428421
4.543387049968469,-2.5346860734972037,5.255296927136662
4.549087700522984,-2.548778860445902,5.270499034251339
4.5543072382481995,-2.562834898207671,5.285492892047958
4.559044519204051,-2.5768533245392407,5.300290125156493
4.563298472939092,-2.5908332865104016,5.314902977687568
4.567068102019864,-2.604773940473117,5.329344305061282
4.5703524815602945,-2.6186744520306444,5.3436275599608685
4.573150758751075,-2.632533996006649,5.357766771907057
4.575462152389048,-2.6463517564143304,5.371776520057319
4.577285952406586,-2.660126926425532,5.3856718989777175
4.578621519400983,-2.6738587083398664,5.399468477312195
4.5794682841638314,-2.687546313553831,5.413182249479507
4.579825747210413,-2.7011889625299275,5.42682958075396
4.579693478309082,-2.7147858847657798,5.440427146321005
4.579071116010643,-2.7283363187632523,5.4539918651293835
4.577958367177743,-2.741839511997568,5.467540829572779
4.576355006514253,-2.7552947208864307,5.481091232211083
4.57426087609465,-2.7687012107591387,5.494660290871187
4.571675884893406,-2.782058255825704,5.508265173539582
4.568600008314364,-2.795365139145975,5.521922924468223
4.565033287720136,-2.808621152598751,5.535650392860372
4.560975829961474,-2.8218255968509003,5.549464165388955
4.556427806906658,-2.834977781326484,5.563380503635309
4.551389454970886,-2.8480770241758666,5.577415287333529
4.545861074645653,-2.8611226522448434,5.591583964079595
4.539843030028131,-2.874114001043749,5.6059015059298325
4.533335748350567,-2.887050414716588,5.620382373084322
4.526339719509654,-2.8999312460101394,5.6350404846392195
4.518855495595919,-2.912755856243088,5.649889196206826
4.510883690423112,-2.9255236152751354,5.664941284049169
4.5024249790575865,-2.93823390147612,5.680208935252815
4.493480097347679,-2.9508861016951378,5.695703743389296
4.484049841453103,-2.9634796112296575,5.711436709054841
4.4741350673743305,-2.9760138337946427,5.727418244661337
4.463736690481968,-2.9884881814916664,5.743658182852778
4.452855685046152,-3.000902074778034,5.760165787943148
4.441493083765926,-3.013254942435896,5.776949769807594
4.429649977298629,-3.025546221541374,5.794018299704585
4.417327513789276,-3.0377753574336714,5.811379027558325
4.40452689839995,-3.049941803684199,5.829039100285028
4.391249392839171,-3.0620450220656887,5.847005180801004
4.377496314891299,-3.0740844825213136,5.865283467402948
4.363269037945906,-3.086059663133806,5.883879713260183
4.348568990527158,-3.09797005009458,5.902799245803795
4.333397655823215,-3.1098151376728396,5.922046985838295
4.3177565712155985,-3.1215944281847112,5.941627466237552
4.301647327808581,-3.13330743196235,5.96154485011801
4.28507156995858,-3.144953667323068,5.981802948409288
4.268030994803523,-3.1565326605384443,6.002405236765121
4.2505273517922495,-3.1680439458034484,6.0233548717767
4.232562442213888,-3.179487065205559,6.044654706466426
4.2141381187272415,-3.190861568693881,6.066307305052888
4.195256284890167,-3.2021670140482628,6.088314956988335
4.175918894688968,-3.2134029668484176,6.110679690278065
4.156127952067772,-3.224569000443041,6.133403284097524
4.1358855104579195,-3.235664695918929,6.156487280727698
4.115193672307345,-3.2466896420700957,6.1799329968329
4.094054588609963,-3.2576434353668935,6.203741534107454
4.072470458435052,-3.268525679925132,6.227913789319429
4.050443528456641,-3.2793359874751946,6.252450463780341
4.027976092482884,-3.290073977331157,6.277352072270188
4.00507049098546,-3.3007392763599093,6.302618951446918
3.981729110628945,-3.311331518950268,6.328251267769103
3.9579543838002005,-3.3218503469821035,6.354249024959768
3.933748788137758,-3.332295409795449,6.380612071038481
3.909114846061205,-3.3426663641596264,6.407340104947746
3.8840551243005628,-3.3529628742423614,6.434432682798602
3.858572233425677,-3.3631846115789004,6.4618892237591545
3.832668827375603,-3.3733312550411356,6.489709015608569
3.806347602987982,-3.383402490806715,6.517891219977805
3.779611299528435,-3.393398012328169,6.546434877297196
3.752462698219939,-3.403317520302022,6.5753389114697995
3.72490462177222,-3.4131607226379157,6.604602134288274
3.6969399339111253,-3.4229273344277233,6.634223249611996
3.66857153890802,-3.432617077914677,6.664200857320004
3.6398023811091647,-3.442229682462471,6.69453345705441
3.6106354444651005,-3.451764884524399,6.725219451767971
3.581073752060033,-3.4612224276124537,6.756257151088543
3.551120365641219,-3.4706020622664626,6.787644774512394
3.5207783851483487,-3.4799035460231926,6.819380454437463
3.490050948242931,-3.4891266433854784,6.851462239046968
3.4589412298376763,-3.498271125791335,6.88388809505302
3.4274524416258836,-3.5073367715830788,6.916655910309282
3.39558783161082,-3.516323365976444,6.94976349630106
3.3633506836351117,-3.525230701029708,6.9832085905206736
3.3307443169101205,-3.5340585756127982,7.016988858735408
3.2977720855453345,-3.5428067953764204,7.051101897154839
3.2644373780777514,-3.5514751727211746,7.085545234503888
3.230743617001258,-3.56006352676667,7.120316334007508
3.1966942582960223,-3.56857168332065,7.155412595292506
3.162292790957869,-3.576999474848104,7.190831356211661
3.127542736527672,-3.585346740440391,7.226569894594895
3.09244764862073,-3.5936133257843554,7.262625429931997
3.057011112456161,-3.601799083131447,7.2989951249910465
3.021236744386279,-3.609903871266838,7.335676087376444
2.9851281914259804,-3.6179275554785417,7.372665371030171
2.948689130782129,-3.6258700075265353,7.409959977679671
2.9119232693829384,-3.6337311056118695,7.447556858235533
2.8748343434073598,-3.6415107343457973,7.485452914141916
2.837426117814463,-3.649208784718885,7.523644998682507
2.799702385872822,-3.656825154070133,7.562129918244582
2.7616669686898985,-3.6643597460560953,7.600904433543603
2.7233237147414266,-3.67181247062,7.639965260810603
2.684676499400799,-3.6791832439608623,7.6793090729444975
2.645729224468449,-3.6864719885026034,7.718932500631294
2.606485817701234,-3.693678632863177,7.758832133432072
2.566950232341822,-3.70080311182368,7.79900452084146
2.5271264466480763,-3.7078453662974744,7.83944617331827
2.4870184634224364,-3.7148053432993025,7.8801535632898
2.446630309541307,-3.721682995914409,7.921123126131254
2.405966035484437,-3.728478283267661,7.96235126112164
2.3650297148643062,-3.735191170492659,8.00383433237739
2.323825443955512,-3.741821628700863,8.045568669764918
2.282357341224155,-3.748369634950709,8.08755056979322
2.2406295468572104,-3.7548351722167266,8.129776296487599
2.1986462222919294,-3.7612182293586556,8.17224208224544
2.1564115497452163,-3.767518801090568,8.214944128675056
2.1139297317430055,-3.773736887949988,8.257878607418418
2.071204990649659,-3.7798724962670023,8.301041660958607
2.028241568197342,-3.7859256381333877,8.344429403412793
1.9850437250154094,-3.791896331371727,8.388037921311447
1.9416157401597904,-3.7977845995045225,8.431863274364487
1.897961910642375,-3.8035904717233238,8.475901496215018
1.854086550960391,-3.8093139828578346,8.520148595181281
1.8099939926257969,-3.814955173345044,8.564600554987374
1.76568858369466,-3.8205140891983373,8.609253335483322
1.721174688296548,-3.8259907819766124,8.654102873354985
1.6764566861639016,-3.831385308753404,8.699145082824336
1.6315389721614328,-3.8366977320860034,8.74437585634052
1.5864259558154936,-3.841928119984568,8.789791065262184
1.5411220608434761,-3.84707654588125,8.835386560531445
1.4956317246831867,-3.852143088599307,8.881158173339932
1.449959398022232,-3.857127832322228,8.927101715787247
1.4041095443274068,-3.862030866562844,8.973212981532198
1.3580866393740747,-3.8668522861324535,9.01948774643716
1.3118951707755495,-3.8715921911099334,9.06592176920586
1.2655396375124908,-3.876250686810868,9.112510792014866
1.2190245494622762,-3.880827883756659,9.159250541139137
1.172354426928394,-3.8853238976436444,9.206136727571812
1.1255338001698139,-3.8897388493122227,9.253165047638577
1.0785672089303948,-3.894072864715966,9.300331183606774
1.0314592019682456,-3.8983260748907425,9.347630804289574
0.9842143365851258,-3.902498615923831,9.395059565645337
0.9368371781558187,-3.906590628923041,9.442613111372458
0.8893322996575228,-3.9106022599858346,9.490287073499827
0.841704281199234,-3.9145336601684413,9.538077072973136
0.7939577095511275,-3.9183849854549746,9.585978720237197
0.7460971776739463,-3.9221563967265562,9.633987615814434
0.6981272842483819,-3.9258480597304297,9.682099350879739
0.6500526332044577,-3.929460145049086,9.73030950783182
0.6018778332509235,-3.9329928280693673,9.77861366086119
0.5536074974046239,-3.9364462889516054,9.827007376514977
0.505246242519894,-3.939820712598725,9.875486214258636
0.45679868881794006,-3.9431162886253666,9.924045727034725
0.4082694594162235,-3.946333211327007,9.97268146181886
0.35966317985784557,-3.9494716796490783,10.021388960172972
0.3109844776409332,-3.9525318971560814,10.07016375879596
0.26223798174801893,-3.955514072000711,10.11900139007187
0.21342832217543206,-3.9584184168929677,10.167897382615688
0.16456012946267706,-3.9612451490692826,10.216847261816843
0.11563803422181818,-3.9639944902616318,10.265846550380532
0.06666666666686849,-3.966666666666657,10.31489076886693
0.02266317700269472,-3.964249388055942,10.35896060365794
-0.02135520225432118,-3.961730284972547,10.40305100615961
-0.06538371894432035,-3.959109470961837,10.447157456345497
-0.10941762252097353,-3.9563870634092897,10.491275436433893
-0.15345216450113797,-3.9535631835716325,10.535400431445115
-0.19748259891449085,-3.9506379566079617,10.579527929758724
-0.24150418275316285,-3.947611511610855,10.623653423670811
-0.28551217642137183,-3.944483981637493,10.667772409951498
-0.32950184418505635,-3.941255503740767,10.711880390402762
-0.3734684546215091,-3.9379262190004054,10.755972872416741
-0.4174072810690109,-3.9344962725540817,10.800045369534653
-0.4613136020764635,-3.9309658136285366,10.844093402006425
-0.505182701853024,-3.92733499557069,10.88811249735123
-0.5490098707177378,-3.92360397587876,10.932098190919
-0.5927904055491725,-3.9197729162333776,10.976046026453107
-0.6365196102350513,-3.9158419825287054,11.019951556654323
-0.6801927961218867,-3.9118113449035503,11.063810343746209
-0.7238052824646137,-3.9076811777724836,11.107617960042067
-0.767352396876224,-3.9034516598569535,11.15136998851362
-0.8108294757773995,-3.899122974216405,11.195062023361562
-0.8542318648461447,-3.8946953082793936,11.238689670588114
-0.8975549194674217,-3.8901688538747026,11.28224854857178
-0.9407940051827836,-3.8855438072624593,11.325734288644426
-0.9839444981400067,-3.880820369165252,11.369142535670878
-1.0270017855427263,-3.8759987447992454,11.412468948631188
-1.0699612661000675,-3.8710791439052965,11.455709201205755
-1.1128183504762823,-3.866061780780072,11.498858982363489
-1.1555684617403794,-3.8609468743071633,11.54191399695319
-1.19820703581576,-3.8557346479882053,11.584869966298342
-1.2407295219298513,-3.85042532997399,11.627722628795544
-1.2831313830637396,-3.8450191530955826,11.670467740516747
-1.3254080964018038,-3.8395163548954407,11.713101075815551
-1.3675551537813486,-3.83391717765853,11.755618427937772
-1.4095680621422393,-3.828221868443436,11.798015609636515
-1.4514423439765347,-3.8224306791134866,11.840288453791993
-1.49317353777812,-3.8165438663678644,11.882432814036367
-1.534757198492341,-3.8105616917727247,11.924444565383844
-1.576188897965638,-3.8044844217923113,11.966319604866339
-1.6174642253951794,-3.7983123278200717,12.008053852174971
-1.6585787877784939,-3.7920456862097756,12.049643250307708
-1.6995282103631053,-3.7856847783066305,12.09108376622348
-1.7403081370961664,-3.7792298904783967,12.132371391503083
-1.7809142310740915,-3.772681314146504,12.173502143017233
-1.8213421749921903,-3.7660393458171697,12.21447206360213
-1.8615876715943023,-3.7593042871125135,12.255277222742928
-1.901646444122429,-3.752476444801673,12.295913717265487
-1.9415142367663678,-3.745556130831921,12.336377672036864
-1.981186815113347,-3.7385436623597834,12.376665240674967
-2.0206599665976577,-3.7314393617821513,12.416772606267845
-2.0599295009502883,-3.7242435567674033,12.456695982103096
-2.0989912506485564,-3.716956580286515,12.496431612407939
-2.1378410713657456,-3.7095787706441805,12.535975773100464
-2.176474842420735,-3.7021104715099256,12.57532477255265
-2.2148884672276385,-3.694552031949227,12.614474952365752
-2.2530778737454304,-3.6869038064546245,12.653422688158702
-2.2910390149275854,-3.679166154976843,12.692164390370184
-2.328767869171711,-3.671339442955903,12.730696505075105
-2.366260440769179,-3.6634240413522408,12.769015514816205
-2.4035127603547592,-3.6554203266778216,12.807117939451597
-2.4405208853562574,-3.6473286810272603,12.84500033701908
-2.4772809004441427,-3.6391494921089325,12.88265930461809
-2.5137889179811848,-3.630883153276095,12.920091479310248
-2.550041078472086,-3.622530063558,12.957293539039469
-2.586033551013117,-3.614090627691013,12.99426220357269
-2.621762533741747,-3.605565256149726,13.030994235462305
-2.657224254286282,-3.596954365178077,13.0674864410315
-2.6924149702154927,-3.5882583768204652,13.10373567138369
-2.727330969488253,-3.579477718952867,13.13973882343741
-2.7619685709031705,-3.5706128253139515,13.175492840988001
-2.7963241245482204,-3.5616641355362,13.210994715797598
-2.8303940122503817,-3.552632095177019,13.246241488714956
-2.8641746480252674,-3.5435171557498566,13.28123025082676
-2.8976624785267595,-3.5343197747553208,13.315958144642183
-2.930853983496644,-3.525040415712295,13.350422365312543
-2.963745676214241,-3.515679548189053,13.384620161888002
-2.996334103946042,-3.5062376478343777,13.418548838613427
-3.0286158483953405,-3.4967151964086747,13.452205756265593
-3.060587526151867,-3.4871126818150926,13.48558833353409
-3.0922457891414235,-3.4774305981306326,13.518694048448419
-3.123587325075515,-3.467669445637272,13.551520439853912
-3.1546088579009846,-3.4578297308530765,13.584065108939278
-3.1853071482496453,-3.447911966563317,13.61632572081875
-3.2156789938879156,-3.437916671851587,13.648300006171972
-3.245721230166453,-3.4278443721309175,13.679985762944984
-3.275430730469786,-3.417695599174894,13.711380858115833
-3.3048044066659483,-3.4074708911487734,13.74248322952858
-3.3338392095561122,-3.397170792640599,13.773290887799677
-3.362532129324224,-3.386795854692317,13.803801918300955
-3.3908801959866337,-3.3763466348308944,13.834014483223662
-3.4188804798417336,-3.3658236970994344,13.863926823728315
-3.446530091919589,-3.35522761208829,13.893537262185374
-3.4738261844315677,-3.3445589569661855,13.922844204512012
-3.500765951219984,-3.333818315511329,13.95184614261063
-3.527346628207721,-3.323006278142529,13.980541656914973
-3.5535654938478736,-3.3121234419503125,14.008929419050142
-3.5794198695733748,-3.3011704107280395,14.037008194613039
-3.604907120246632,-3.2901477950030205,14.064776846080168
-3.6300246546091626,-3.2790562120676325,14.092234335850092
-3.6547699257312254,-3.267896286010434,14.119379729428129
-3.6791404314614526,-3.2566686477472837,14.146212198761294
-3.703133714876487,-3.2453739350524553,14.172731025731823
-3.7267473647306146,-3.2340127925897524,14.198935605817967
-3.749979015905396,-3.2225858719436293,14.224825451931057
-3.7728263498593018,-3.211093831650302,14.250400198438204
-3.7952870950773447,-3.199537337228867,14.275659605380222
-3.817359027520717,-3.1879170612124197,14.300603562894683
-3.8390399710764163,-3.1762336831791664,14.325232095854105
-3.8603277980068897,-3.1644878897835427,14.34954536872952
-3.8812204293996593,-3.1526803747873307,14.373543690689607
-3.9017158356169555,-3.1408118390907744,14.39722752094555
-3.9218120367453593,-3.1288829907636955,14.42059747435166
-3.9415071030454234,-3.1168945450766103,14.44365432727126
-3.960799155401316,-3.1048472245318455,14.466399023717042
-3.97968636577045,-3.0927417588946557,14.488832681774102
-3.9981669576331154,-3.080578885224338,14.510956600312971
-4.016239206442117,-3.0683593479053504,14.532772265998542
-4.033901440072406,-3.056083898678426,14.554281360599052
-4.0511520392707085,-3.0437532966716896,14.575485768597131
-4.067989438105171,-3.031368308431775,14.596387585102248
-4.084412124414977,-3.0189297079549418,14.616989124060602
-4.100418640259999,-3.0064382767181903,14.637292926754665
-4.116007582370419,-2.9938948037103756,14.657301770579828
-4.1311776025963685,-2.9813000854633325,14.677018678080197
-4.145927408357557,-2.9686549260829804,14.696446926219114
-4.160255763092912,-2.9559601372804463,14.715590055852564
-4.174161486710205,-2.943216538403181,14.734451881365096
-4.187643456035695,-2.9304249564660756,14.75303650041815
-4.20070060526375,-2.917586226182571,14.771348303749779
-4.213331926406489,-2.9047011899957855,14.789391984952509
-4.225536469743415,-2.8917706981096223,14.807172550142655
-4.237313344271044,-2.8787956085198894,14.824695327419706
-4.248661718152547,-2.865776787045415,14.841965975998685
-4.259580819167368,-2.8527151073591646,14.858990494881699
-4.27006993516088,-2.839611451019356,14.875775230917666
-4.280128414493995,-2.8264667075005763,14.892326886081705
-4.289755666492817,-2.813281774224899,14.90865252378848
-4.298951161898261,-2.800057556592998,14.92475957403759
-4.307714433315696,-2.786794968015268,14.940655837174498
-4.316045075664578,-2.773494929942936,14.956349486038624
-4.323942746628076,-2.7601583718991796,14.971849066262042
-4.331407167102714,-2.746786231510246,14.987163494478713
-4.338438121647999,-2.733379454536563,15.002302054206769
-4.345035458936057,-2.719938994903858,15.017274389175997
-4.351199092201268,-2.706465814734278,15.032090493890461
-4.356928999689894,-2.6929608843774995,15.046760701243107
-4.362225225109724,-2.6794251824418476,15.061295667035584
-4.367087878079692,-2.6658596958254113,15.075706351302719
-4.371517134579523,-2.6522654197471636,15.090003996396682
-4.3755132373993595,-2.638643357778074,15.104200101849813
-4.3790764965893985,-2.6249945218722237,15.118306396105933
-4.382207289909527,-2.6113199323979277,15.132334805285305
-4.3849060632789465,-2.597620618168843,15.146297419225636
-4.387173331225821,-2.583897616475093,15.160206455117084
-4.389009677336895,-2.570151973114379,15.174074219119966
-4.39041575470714,-2.5563847424230945,15.187913066415828
-4.39139228638938,-2.5425969873074505,15.201735360192744
-4.391940065843929,-2.5287897792745806,15.215553430101156
-4.392059957388219,-2.5149641984636655,15.229379530735159
-4.391752896646442,-2.501121333677045,15.243225800694963
-4.391019890999181,-2.4872622824113355,15.257104222768978
-4.3898620200330365,-2.4733881508885465,15.271026585739605
-4.3882804359902705,-2.4595000540871985,15.285004448267472
-4.38627636421843,-2.445599115773437,15.299049105246896
-4.3838511036199925,-2.4316864685321473,15.313171556954405
-4.381006027101985,-2.4177632537980753,15.32738248123555
-4.377742582025629,-2.4038306218869403,15.341692208896744
-4.374062290655972,-2.389889732026553,15.356110702391732
-4.369966750611516,-2.3759417523879307,15.37064753781954
-4.365457635313858,-2.361987860116414,15.385311890184806
-4.360536694437315,-2.3480292413627852,15.400112521813881
-4.35520575435857,-2.33406709131438,15.41505777377219
-4.349466718606288,-2.3201026142262067,15.430155560090459
-4.34332156831077,-2.306137023452065,15.445413364579483
-4.336772362653572,-2.292171541475655,15.46083823999466
-4.3298212393171385,-2.2782073999417034,15.476436809301443
-4.322470414934449,-2.264245839687068,15.492215268790536
-4.314722185538636,-2.2502881107718666,15.508179392795329
-4.30657892701263,-2.236335472510584,15.524334539773044
-4.298043095538785,-2.222389193503191,15.54068565952375
-4.289117228048516,-2.2084505516662616,15.557237301336936
-4.279803942671938,-2.19452083426409,15.5739936228727
-4.270105939187487,-2.1806013379398044,15.590958399602922
-4.260025999471564,-2.1666933687464844,15.60813503465636
-4.249566987948162,-2.152798242178279,15.625526568930056
-4.238731852038504,-2.1389172832015193,15.643135691347009
-4.227523622610678,-2.125051826285839,15.66096474915687
-4.215945414429267,-2.1112032154352867,15.679015758191882
-4.204000426604975,-2.0973728042194453,15.69729041300454
-4.1916919430442805,-2.083561955804546,15.715790096826249
-4.179023332899053,-2.069772042984588,15.73451589129788
-4.165998051016189,-2.0560044482124487,15.753468585933152
-4.15261963838725,-2.0422605636310074,15.772648687284764
-4.138891722598101,-2.028541791104256,15.792056427790932
-4.124818018278534,-2.0148495422484176,15.811691774286597
-4.110402327551897,-2.0011852384630613,15.831554436169249
-4.095648540484747,-1.987550310962223,15.851643873214023
-4.080560635536468,-1.9739462008055149,15.8719593030368
-4.065142680008909,-1.9603743589292466,15.8924997082072
-4.049398830496016,-1.9468362461775404,15.913263843016109
-4.033333333333466,-1.9333333333334464,15.934250239904452
-4.011938004170801,-1.9148545802875216,15.962520797453093
-3.9902046651435317,-1.896388873195779,15.991039569580805
-3.968137705845824,-1.8779375864265062,16.019804142862686
-3.9457416024237757,-1.859502103017082,16.048811943486488
-3.9230209158434506,-1.8410838143205042,16.078060241850526
-3.899980290158864,-1.822684119651875,16.107546157061623
-3.8766244507799774,-1.804304425934887,16.13726666133431
-3.852958202740683,-1.7859461473483091,16.16721858429294
-3.828986428966793,-1.767610704972472,16.197398617178678
-3.804714088544028,-1.7492995264357545,16.22780331696345
-3.780146214986007,-1.7310140455610687,16.258429110373275
-3.7552879145022375,-1.7127557020123465,16.289272297823416
-3.730144364266099,-1.694525940941025,16.320329057267934
-3.7047208106828386,-1.6763262126325327,16.351595447966314
-3.679022567657553,-1.6581579721527746,16.383067414169858
-3.6530550148631846,-1.6400226789946193,16.41474078873053
-3.626823596008502,-1.6219217967243824,16.44661129663503
-3.6003338171060966,-1.6038567926283165,16.478674558466746
-3.5735912447403635,-1.585829137359092,16.5109260937983
-3.5466015043355004,-1.5678403045822864,16.543361324517285
-3.519370278423483,-1.54989177062287,16.575975578087828
-3.4919033049120674,-1.5319850141116895,16.60876409075046
-3.4642063753527705,-1.5141215156319554,16.641722010662797
-3.4362853332088594,-1.4963027573657286,16.674844400983428
-3.4081460721233445,-1.4785302227404045,16.708126242901315
-3.379794534186962,-1.460805396075199,16.741562438612995
-3.351236708206169,-1.443129762227636,16.775147814249756
-3.3224786279711265,-1.4255048062400322,16.8088771227569
-3.2935263705236935,-1.4079320129859814,16.842745046727114
-3.264386054425412,-1.3904128668168427,16.876746201189917
-3.235063838025497,-1.3729488512082262,16.91087513635909
-3.2055659177288236,-1.3555414484064767,16.945126340339844
-3.17589852626392,-1.3381921390751612,16.979494241797532
-3.1460679309509523,-1.320902401941555,17.013973212589526
-3.1160804319697135,-1.3036737134431258,17.048557570361872
-3.085942360627615,-1.2865075473740217,17.083241581112265
-3.0556600776276723,-1.2694053745315559,17.11801946172081
-3.0252399713364966,-1.252368662362692,17.152885382449956
-2.99468845605228,-1.2353988746105298,17.187833469414983
-2.9640119702727863,-1.2184974709607939,17.22285780702629
-2.933216974963342,-1.2016659066883149,17.257952440404733
-2.9023099518248205,-1.1849056323035194,17.293111377771194
-2.871297401561634,-1.1682180931989135,17.328328592811488
-2.8401858421497206,-1.1516047292955693,17.363598027017694
-2.8089818071045363,-1.135066974689611,17.398913592006917
-2.7776918437490363,-1.1186062572986992,17.43426917181848
-2.746322511481674,-1.1022239985085194,17.469658625190476
-2.7148803800443813,-1.0859216128192661,17.50507578781654
-2.6833720277905613,-1.0697005074921275,17.54051447458376
-2.6518040399530753,-1.0535620821957745,17.575968481792447
-2.620183006912235,-1.037507728652844,17.611431589358638
-2.588515522463786,-1.021538830286425,17.646897563
-2.5568081820869,-1.0056567618665455,17.68236015640586
-2.5250675812121646,-0.9898628891566571,17.71781311339206
-2.4933003134895677,-0.9741585685601224,17.75325017004125
-2.4615129690564905,-0.9585451467666994,17.788665056829245
-2.4297121328056925,-0.9430239603990274,17.824051500738037
-2.397904382653306,-0.9275963356591131,17.859403227356015
-2.3660962878068172,-0.9122635879748178,17.894713962965934
-2.3342944070330627,-0.8970270216463406,17.929977436621122
-2.3025052869262113,-0.8818879294927063,17.96518738221046
-2.2707354601757563,-0.8668475924982502,18.000337540512533
-2.238991443834506,-0.8519072794591046,18.035421661239454
-2.207279737586568,-0.8370682466296837,18.070433505070767
-2.175606822015343,-0.8223317373691708,18.105366845677803
-2.1439791568715063,-0.8076989817880027,18.14021547173894
-2.1124031793410056,-0.7931711963943564,18.174973188946066
-2.0808853023130434,-0.7787495837406349,18.209633822002658
-2.0494319126480667,-0.7644353320699517,18.244191216613775
-2.018049369445758,-0.7502296149626195,18.278639241468305
-1.9867440023130218,-0.736133590982633,18.31297179021377
-1.955522109631975,-0.7221484033241561,18.34718278342399
-1.9243899568279332,-0.7082751794580083,18.381266170559872
-1.8933537746374045,-0.6945150307781491,18.415215931923623
-1.86241975737607,-0.680869052248165,18.449026080606604
-1.8315940612067823,-0.6673383220477545,18.482690664431114
-1.8008828024075452,-0.6539239012192148,18.516203767886314
-1.7702920556395092,-0.640626833313927,18.549559514058508
-1.7398278522149573,-0.6274481440388415,18.582752066556044
-1.7094961783652933,-0.6143888409029655,18.61577563142898
-1.6793029735090317,-0.601449912863847,18.648624459083766
-1.6492541285197855,-0.5886323299740611,18.681292846193085
-1.6193554839942577,-0.5759370430276965,18.713775137601086
-1.5896128285202247,-0.5633649832068415,18.74606572822415
-1.5600318969445317,-0.550917061728068,18.77815906494733
-1.5306183686410741,-0.538594169488919,18.810049648516717
-1.5013778657787935,-0.5263971767143946,18.841732035427757
-1.4723159515896618,-0.5143269326034366,18.87320083980979
-1.4434381286366706,-0.5023842649754151,18.90445073530686
-1.4147498370818217,-0.4905699799166139,18.93547645695498
-1.3862564529541144,-0.47888486142671727,18.966272803055972
-1.3579632864175342,-0.46732967106529444,18.996834637047986
-1.3298755800390414,-0.45590514759828615,19.027156889372847
-1.3019985070565625,-0.44461200664449096,19.05723455934033
-1.2743371696469745,-0.4334509403220501,19.087062716989454
-1.2468965971940977,-0.42242261689493354,19.116636504946946
-1.2196817445566812,-0.41152768041942606,19.14595114028293
-1.1926974903363943,-0.4007667503906138,19.175001916363957
-1.165948635145814,-0.39014042138886845,19.20378420470349
-1.1394398998764133,-0.3796492627263338,19.232293456809877
-1.1131759239665509,-0.36929381809341266,19.260525206031975
-1.0871612636694599,-0.3590746052052508,19.28847506940242
-1.0614003903212352,-0.3489921154482242,19.316138749478718
-1.0358976886088245,-0.33904681352642396,19.343512036182144
-1.0106574548380145,-0.3292391371081431,19.37059080863458
-0.9856838952014231,-0.31956949647236144,19.397371036993345
-0.9609811240464832,-0.3100382741552318,19.42384878428408
-0.9365531621434364,-0.30064582459656614,19.450020208231752
-0.9124039349533186,-0.2913924737863209,19.475881563089867
-0.8885372708959507,-0.2822785189110829,19.501429201467907
-0.8649568996179249,-0.2733042280005554,19.526659576157087
-0.8416664502605968,-0.2644698395740441,19.551569241954457
-0.8186694497280709,-0.2557755622869414,19.576154857485456
-0.7959693209551896,-0.24722157457721589,19.600413187024884
-0.7735693811755275,-0.2388080243118937,19.624341102316436
-0.7514728401893713,-0.23053502843354715,19.64793558439077
-0.7296827986317158,-0.22240267260677984,19.671193725382206
-0.7082022462402472,-0.21441101086471234,19.694112730344077
-0.687034060123337,-0.20656006525546844,19.71668991906277
-0.666181003028028,-0.19884982548865993,19.738922727870516
-0.6456457216080209,-0.19128024858187465,19.760808711456974
-0.625430744691668,-0.18385125850715955,19.782345544679593
-0.6055384815499587,-0.17656274583750814,19.80353102437288
-0.5859712201645082,-0.16941456739334632,19.82436307115653
-0.5667311254955486,-0.16240654588901754,19.844839731242484
-0.5478202377499138,-0.15553846957926915,19.864959178240962
-0.5292404706490337,-0.14881009190573746,19.88471971496547
-0.5109936096969147,-0.14222113114343554,19.90411977523685
-0.4930813104481395,-0.13577127004723655,19.923157925686354
-0.47550509677584474,-0.1294601554983607,19.941832867557835
-0.4582663591397189,-0.12328739815086148,19.960143438509018
-0.44136635285398385,-0.11725257207811089,19.978088614411924
-0.4248061963553883,-0.11135521441928531,19.99566751115245
-0.4085868694711946,-0.1055948250258511,20.01287938642914
-0.39270921168716844,-0.09997086610805217,20.02972364155116
-0.37717392041556597,-0.09448276188139304,20.046199823235526
-0.3619815492631254,-0.08912989821312642,20.062307625403562
-0.34713250629905157,-0.08391162226873886,20.078046890976665
-0.33262705232300893,-0.07882724215843626,20.093417613671356
-0.31846529913310806,-0.07387602658362954,20.108419939793656
-0.3046472077938941,-0.0690572044834209,20.123054170032802
-0.29117258690433745,-0.06436996468109035,20.13732076125432
-0.27804109086581985,-0.05981345553057926,20.151220328292478
-0.26525221815012556,-0.05538678456297838,20.164753645742152
-0.25280530956742975,-0.051089018133012865,20.17792164975007
-0.24069954653428538,-0.046919181065527865,20.19072543980552
-0.2289339493416136,-0.04287625630197489,20.203166280530485
-0.21750737542269105,-0.038959184546896314,20.215245603469253
-0.20641851762114083,-0.0351668639144149,20.226965008877485
-0.19566590245892135,-0.03149814957471403,20.238326267510804
-0.18524788840431117,-0.02795185340052775,20.249331322412853
-0.17516266413990134,-0.0245267436136255,20.259982290702908
-0.16540824683058442,-0.021221544431297257,20.270281465363006
-0.15598248039153972,-0.018034935712840205,20.28023131702461
-0.14688303375622613,-0.014965552606043708,20.289834495754867
-0.1381073991443682,-0.012011985193676467,20.29909383284238
-0.12965289032994542,-0.009172778139971194,20.308012342582632
-0.12151664090918479,-0.006446430337110454,20.316593224062935
-0.11369560256853917,-0.003831394551713274,20.324839862947034
-0.10618654335268873,-0.001326077071319709,20.332755833259302
-0.09898604593252203,0.0010711626491214932,20.340344899168564
-0.09209050587312628,0.003362012340769327,20.347611016771552
-0.0854961299017789,0.005548207274401695,20.35455833587602
-0.07919893417592805,0.007631530613932902,20.36119120178351
-0.07319474255119274,0.009613813769925927,20.36751415707175
-0.06747918484934656,0.011496936753106812,20.373531943376772
-0.062047695126299596,0.013282828527879209,20.37924950317469
-0.056895509940100064,0.014973467365837378,20.38467198156315
-0.052017666618910274,0.016570881199284015,20.38980472804251
-0.04740900152900762,0.01807714797473775,20.39465329829669
-0.043064148342764064,0.019494396006454473,20.39922345597377
-0.03897753630663914,0.020824804329936275,20.403521174466295
-0.035143388509164986,0.022070603055449722,20.407552638691286
-0.031555720148940036,0.023234073721536685,20.41132424687001
-0.028208336802615364,0.024317549648529557,20.414842612307485
-0.025094832692885927,0.025323416292066747,20.418114565171738
-0.022208588956472042,0.0262541115966044,20.4211471542728
-0.019542771912116397,0.02711212634893334,20.423947648841477
-0.017090331328565966,0.027900004531690947,20.426523540307883
-0.014843998692568583,0.028620343676877047,20.42888254407974
-0.01279628547685352,0.02927579521936652,20.43103260132046
-0.01093948140813028,0.029869064850424287,20.432981880727002
-0.009265652735061636,0.030402912871220544,20.43473878030754
-0.007766640496269073,0.030880154546342076,20.436311929158897
-0.006434058788312491,0.03130366045730937,20.43771018924379
-0.0052592930336805566,0.03167635685608905,20.438942657167885
-0.004233498248778389,0.03200122601860911,20.440018665956647
-0.00334759731191836,0.03228130659827222,20.44094778683201
-0.0025922792313091136,0.03251969397947052,20.441739830988865
-0.0019579974130450317,0.03271954063109983,20.44240485137137
-0.0014349679290868167,0.032884056460071975,20.44295314444909
-0.0010131677852625032,0.03301650916483212,20.44339525199294
-6.823331892480411E-4,0.03312022458887065,20.44374196285101
-4.3195781856031346E-4,0.03319858707423862,20.44400431472419
-2.5129108854038407E-4,0.033255039815060394,20.44419359594165
-1.2933642034873571E-4,0.03329308521104968,20.444321347236162
-5.484950894985019E-5,0.03331628522102226,20.444399363519285
-1.633659110211738E-5,0.033328261716410346,20.44443969565638
-2.052713350408908E-6,0.033332696834777686,20.444454652241504
-8.881784197001252E-16,0.033333333333333326,20.444456801372144
